{"pose": {"t": {"x": 0.2930028830744008, "y": -0.0675316570850869, "z": 1.3423208855327662}, "rot3x3": [[0.9439875900383488, -0.05361199555982961, -0.32559665813039707], [0.020203575981688912, -0.9754720295069933, 0.2191942863467468], [-0.32936187601351496, -0.21349490294056275, -0.9197503362583009]]}, "markers": {"13": {"x": 0.38358698043558226, "y": -0.11999522720299106, "z": 1.3391045402413155}, "15": {"x": 0.35074682626474607, "y": -0.0855357304502193, "z": 1.3557115203544878}, "12": {"x": 0.3190074863405315, "y": -0.12369955264065151, "z": 1.3796760248816788}, "10": {"x": 0.3556583650471197, "y": -0.16022977702906516, "z": 1.3750684804985318}, "11": {"x": 0.4196514999054749, "y": -0.1561458894616063, "z": 1.33365853666698}, "7": {"x": 0.313751338668867, "y": -0.1937129889241968, "z": 1.3570603477633547}, "8": {"x": 0.37951534723736413, "y": -0.19054756581225124, "z": 1.322933638714441}, "9": {"x": 0.4486732129464989, "y": -0.1895099298172294, "z": 1.3021049573959083}, "5": {"x": 0.3501601408624087, "y": -0.23070934854616532, "z": 1.3527490465197853}, "6": {"x": 0.4079819273276562, "y": -0.2229636201563621, "z": 1.292358410852265}, "3": {"x": 0.38104839581439987, "y": -0.2640945089842524, "z": 1.3273708592232918}, "4": {"x": 0.433390621837926, "y": -0.2535612316235509, "z": 1.2543664316080543}, "0": {"x": 0.3508624535416991, "y": -0.3055947173505704, "z": 1.3555663078490645}, "1": {"x": 0.4131069111058913, "y": -0.29869075458381483, "z": 1.30647728684416}}}