{"pose": {"t": {"x": -0.015811450386386875, "y": 0.06784295441273552, "z": 0.6407734593454211}, "rot3x3": [[0.9964313221144463, 0.05356852775802137, 0.06523061507524516], [0.03475020648333953, -0.964621868136201, 0.26133709010163647], [0.07692232093886647, -0.2581376848646158, -0.9630409608080615]]}, "markers": {"10": {"x": 0.04132399708394823, "y": -0.014546617362295495, "z": 0.6235802582348612}, "6": {"x": 0.11725948068997344, "y": -0.08147829777611888, "z": 0.6229392706679948}, "16": {"x": 0.10888360504290048, "y": 0.05594340279626359, "z": 0.6564927329941548}, "13": {"x": 0.07513135720348399, "y": 0.020416690950770377, "z": 0.641330181254665}, "11": {"x": 0.11274562747489983, "y": -0.012236331166083437, "z": 0.6363988198736994}, "8": {"x": 0.07903022149986712, "y": -0.04773559216281906, "z": 0.6227099353165357}, "15": {"x": 0.03771250746112886, "y": 0.05338812923809404, "z": 0.6480595960888124}, "14": {"x": 0.1464460962033375, "y": 0.022836071613376342, "z": 0.6504893536034706}, "12": {"x": 0.004022054355393763, "y": 0.017888504265749002, "z": 0.6313592597659214}, "9": {"x": 0.15104851396459604, "y": -0.045816519395198964, "z": 0.6355415974993516}, "7": {"x": 0.00773773627233367, "y": -0.04997834150066301, "z": 0.6118274690531293}, "5": {"x": 0.045481919219977816, "y": -0.08337382468499795, "z": 0.6113127291503687}, "4": {"x": 0.15362866694633626, "y": -0.11387820523659033, "z": 0.611919636661969}, "3": {"x": 0.0835614955681151, "y": -0.11770831729489956, "z": 0.6127102706455909}, "2": {"x": 0.011630704983744904, "y": -0.11783681350439584, "z": 0.5940396469822028}, "1": {"x": 0.12116334353433786, "y": -0.15086173870804997, "z": 0.6062949125209529}, "0": {"x": 0.04986511433904769, "y": -0.1543652859085692, "z": 0.6047093741123614}}}