{"pose": {"t": {"x": -0.4196132082854573, "y": 0.06168611363898768, "z": 0.9631270511902206}, "rot3x3": [[0.9879218629140165, -0.0978570057580473, -0.12014324450658742], [-0.07288739950588734, -0.9776924050090915, 0.1969898174546283], [-0.136739971368175, -0.18585361877458317, -0.973016244786603]]}, "markers": {"13": {"x": -0.3486768291590764, "y": 0.004121734727533278, "z": 0.9710155786173983}, "15": {"x": -0.37853952627254595, "y": 0.04200824642456905, "z": 0.9762431928470532}, "16": {"x": -0.31038256971581135, "y": 0.03717771416680888, "z": 0.9752052815927312}, "12": {"x": -0.41962216714142675, "y": 0.00927332451471324, "z": 0.9783421778428912}, "14": {"x": -0.27841752574458234, "y": -0.0012969903572213359, "z": 0.9640248600775305}, "10": {"x": -0.38615432624788715, "y": -0.028309126341924774, "z": 0.9638025841918239}, "11": {"x": -0.31441129243052307, "y": -0.03335368241760175, "z": 0.9523412519423432}, "7": {"x": -0.4285779593415513, "y": -0.06139069003030773, "z": 0.9695217391134945}, "8": {"x": -0.35790981855146037, "y": -0.06688269416707383, "z": 0.9630440965031172}, "9": {"x": -0.2869995294006277, "y": -0.0723440248894824, "z": 0.954450511306641}, "5": {"x": -0.38936913827550196, "y": -0.09775443257753096, "z": 0.940968467116712}, "6": {"x": -0.3219944678616273, "y": -0.1038397309789976, "z": 0.9401040840614925}, "2": {"x": -0.44316076124694, "y": -0.1346814800185918, "z": 0.9734634548865767}, "3": {"x": -0.3627046230145065, "y": -0.13717299722573428, "z": 0.9441769183057064}, "4": {"x": -0.2919446500905128, "y": -0.14233175214302113, "z": 0.9340170010101346}, "0": {"x": -0.40420913770763656, "y": -0.17088436809874905, "z": 0.9481826782537687}, "1": {"x": -0.33077987734761655, "y": -0.17487835790679102, "z": 0.9318189581333495}}}