{"pose": {"t": {"x": -0.6199647526739974, "y": 0.2592148200225189, "z": 1.064635485662359}, "rot3x3": [[0.9975129343407589, -0.03493021958051755, -0.06121948695427997], [-0.037577194556218566, -0.9983838857589514, -0.042632981436218825], [-0.059631369866644225, 0.04482740698405062, -0.9972134191390094]]}, "markers": {"0": {"x": -0.5892235968333865, "y": 0.030820802780411403, "z": 1.0982455699112406}, "15": {"x": -0.5750936861291531, "y": 0.24289082423603695, "z": 1.074747781850987}, "12": {"x": -0.6259445720547337, "y": 0.21321986517509695, "z": 1.1029970721458047}, "13": {"x": -0.5568040713966759, "y": 0.21178624558202075, "z": 1.1064314184786688}, "14": {"x": -0.48569188953687203, "y": 0.21017051930625588, "z": 1.106283643462181}, "10": {"x": -0.5974615256077397, "y": 0.17766300203517277, "z": 1.1151509916242803}, "11": {"x": -0.5128710050659441, "y": 0.17124849982163906, "z": 1.086508877113776}, "7": {"x": -0.6282852456183828, "y": 0.1408756754411984, "z": 1.1063342666056668}, "8": {"x": -0.5534098659206879, "y": 0.13778265199858655, "z": 1.0981131414442455}, "9": {"x": -0.48387160613169933, "y": 0.13564696862872672, "z": 1.098648911471611}, "5": {"x": -0.5889465796074843, "y": 0.1027490983375025, "z": 1.0978806642331689}, "6": {"x": -0.5165778067466105, "y": 0.09985726381756344, "z": 1.092094664319003}, "2": {"x": -0.6372669318005247, "y": 0.06929701864904833, "z": 1.1218916578760452}, "3": {"x": -0.5509740186879436, "y": 0.06514886173785318, "z": 1.0913746103257276}, "4": {"x": -0.4947923731715569, "y": 0.0643821647278635, "z": 1.1208304846850652}, "1": {"x": -0.516838084055836, "y": 0.028050430131903087, "z": 1.090772936872525}, "16": {"x": -0.5021467020465185, "y": 0.23930166754109228, "z": 1.0665851255601986}}}