{"pose": {"t": {"x": -0.3130799895318682, "y": 0.1181432315430535, "z": 0.6431779860030923}, "rot3x3": [[0.9906028385230711, -0.04007136018199098, 0.13076812456864104], [-0.07380783305722638, -0.9615682286110536, 0.26445972378643423], [0.1151452130547817, -0.2716262649652379, -0.9554897969583994]]}, "markers": {"16": {"x": -0.19688729211288805, "y": 0.09474234164947198, "z": 0.6686263816550877}, "8": {"x": -0.23493016476361717, "y": -0.00617944142086753, "z": 0.6299857567813995}, "6": {"x": -0.20252687355098675, "y": -0.04316035305266859, "z": 0.6281748546039018}, "15": {"x": -0.26397714539536565, "y": 0.0983964237387854, "z": 0.6501944413351538}, "12": {"x": -0.3003026591756071, "y": 0.06677041347722182, "z": 0.635881303836493}, "13": {"x": -0.22988338057162197, "y": 0.06152894909441612, "z": 0.6436435182554252}, "14": {"x": -0.16301794132410533, "y": 0.05726982334459079, "z": 0.6627046040481998}, "10": {"x": -0.265682545585231, "y": 0.030393296062404606, "z": 0.6276995129721934}, "11": {"x": -0.19888550549494238, "y": 0.025553878734582716, "z": 0.6455044628342667}, "7": {"x": -0.30423609040793437, "y": -0.0011299866749642183, "z": 0.6189634948866295}, "9": {"x": -0.1648480343585584, "y": -0.011403543231616574, "z": 0.6379103124995852}, "5": {"x": -0.26992230881386997, "y": -0.03756388466482604, "z": 0.6117294310778376}, "2": {"x": -0.30741952672631423, "y": -0.06938714147798554, "z": 0.6008960055912678}, "3": {"x": -0.23681076348520816, "y": -0.07437710925662953, "z": 0.6085109302769723}, "4": {"x": -0.16862759909534325, "y": -0.08022971248176729, "z": 0.6217234190087988}, "0": {"x": -0.27404195393028596, "y": -0.10622429627377558, "z": 0.5962595472285114}, "1": {"x": -0.2052896721511173, "y": -0.11196724007097782, "z": 0.6082923572062011}}}