{"pose": {"t": {"x": -0.5415202394265792, "y": -0.10170765142267182, "z": 0.9532383437527274}, "rot3x3": [[0.8577390350828881, -0.006220730101807917, 0.5140477119996519], [-0.0885432719198345, -0.9867714894039141, 0.13580175513339723], [0.5064028403285342, -0.1619979327540367, -0.8469432289655616]]}, "markers": {"15": {"x": -0.5064949021116149, "y": -0.1260134147554437, "z": 0.9958932098841365}, "16": {"x": -0.4448751934871353, "y": -0.1325044071647506, "z": 1.0315721171174383}, "12": {"x": -0.5340305199578758, "y": -0.15701980672081042, "z": 0.9659455191155929}, "13": {"x": -0.47688582895406056, "y": -0.16462984844271716, "z": 1.0101607740045995}, "14": {"x": -0.4217415320192751, "y": -0.17383438642295918, "z": 1.062753679542915}, "11": {"x": -0.44191546690887634, "y": -0.20111214400003039, "z": 1.0126944666806712}, "10": {"x": -0.5036877440525405, "y": -0.19509909131645145, "z": 0.9784389036393752}, "9": {"x": -0.416844247936006, "y": -0.2421716760918697, "z": 1.0375917657778648}, "8": {"x": -0.48025408966582717, "y": -0.23696450625154286, "z": 1.0049885694907377}, "7": {"x": -0.5333244554154744, "y": -0.22671922200574596, "z": 0.9526098311623243}, "6": {"x": -0.44587737211619694, "y": -0.2731862505627888, "z": 1.0087924208083232}, "5": {"x": -0.5025686538788388, "y": -0.26443679919238516, "z": 0.9642466179560243}, "4": {"x": -0.4155473336382952, "y": -0.31152204183111176, "z": 1.021199748419674}, "3": {"x": -0.475092409294841, "y": -0.3041157520962082, "z": 0.9820752360331804}, "2": {"x": -0.5443562629803359, "y": -0.3026603226587773, "z": 0.9601976120577528}, "1": {"x": -0.4510674921386644, "y": -0.3474712103721061, "z": 1.0081049903781207}, "0": {"x": -0.5018467025334551, "y": -0.33345545483555156, "z": 0.950131433598232}}}