{"pose": {"t": {"x": 0.14111383091411678, "y": 0.08696145281611364, "z": 0.6169617417124994}, "rot3x3": [[0.9874292824544761, 0.05163008059457698, -0.1493912545272847], [0.08914970910423921, -0.9623844668182016, 0.2566485289139123], [-0.13052103860323822, -0.2667404596322861, -0.9548894101816653]]}, "markers": {"16": {"x": 0.2662993192680311, "y": 0.08232370717711356, "z": 0.6035126385882983}, "15": {"x": 0.19520673544225906, "y": 0.07568906852575992, "z": 0.6104298938873698}, "14": {"x": 0.30520460125367155, "y": 0.05129286233547108, "z": 0.5939837494875753}, "13": {"x": 0.23243760968354635, "y": 0.044697872560224644, "z": 0.5967217936937634}, "12": {"x": 0.16137741702089362, "y": 0.03796729780448893, "z": 0.603435453272404}, "11": {"x": 0.2722748009891388, "y": 0.014054895116271037, "z": 0.5893444690296425}, "10": {"x": 0.19922834828948377, "y": 0.007453596681293177, "z": 0.5924071958954249}, "9": {"x": 0.30691599693756616, "y": -0.01726956884502798, "z": 0.5710660710268894}, "8": {"x": 0.2376476239588099, "y": -0.023525037644978035, "z": 0.5817444010992959}, "7": {"x": 0.16757804389224573, "y": -0.030299302993355703, "z": 0.5933007824116059}, "6": {"x": 0.2734056373183421, "y": -0.05435986689460126, "z": 0.5655382309915983}, "5": {"x": 0.2031224889747174, "y": -0.06067910054512993, "z": 0.5744378771571128}, "4": {"x": 0.313434047403385, "y": -0.08633677718176046, "z": 0.5576105103036489}, "3": {"x": 0.24046841256428972, "y": -0.09161707240076819, "z": 0.5612655099463543}, "2": {"x": 0.17057121074357848, "y": -0.09805381148598147, "z": 0.570912332758138}, "1": {"x": 0.2778673220483072, "y": -0.12292056297649975, "z": 0.5486122141412827}, "0": {"x": 0.2089748548305246, "y": -0.12969243014599927, "z": 0.5609233222336083}}}