{"pose": {"t": {"x": -0.07323559961231949, "y": 0.16624498314927447, "z": 3.4882481061755506}, "rot3x3": [[0.6978746463894456, 0.34074761884781096, 0.6299698708480851], [0.5387543970444706, -0.829315606025541, -0.14825425885194218], [0.4719265595323651, 0.44286192639697153, -0.7623376132370148]]}}