{"pose": {"t": {"x": -0.17509263733713282, "y": 0.18506135463113796, "z": 3.5213673163459887}, "rot3x3": [[0.9586101378459623, -0.051292589791719904, 0.2800636960610992], [0.1141706474557033, -0.8318463116997036, -0.5431360575133501], [0.2608288076085364, 0.5526307844701179, -0.7915601993389075]]}}