{"pose": {"t": {"x": 0.023754125693590766, "y": 0.19267393318314952, "z": 3.0500337208287243}, "rot3x3": [[0.9877126126715591, 0.04967622158565849, 0.1481758002458388], [0.12245955186088728, -0.8350757838328465, -0.5363320738255242], [0.09709507159250064, 0.547887495992498, -0.830898212061813]]}}