{"pose": {"t": {"x": 0.11454005761979534, "y": 0.18734488867143612, "z": 3.5081874797828756}, "rot3x3": [[0.9812365161790775, 0.016142457851824846, 0.19213099794475566], [0.11976112496299292, -0.8319745513603454, -0.5417339003942344], [0.15110318416348492, 0.5545789095730688, -0.8182970492384791]]}}