{"pose": {"t": {"x": -0.37076612282886245, "y": -0.030214711028711365, "z": 3.117304312369532}, "rot3x3": [[0.30018099926842035, 0.9534424042596614, -0.02896462390172755], [0.5649494442510619, -0.20217062687101184, -0.7999744765122188], [-0.7685853844034694, 0.22377358957244736, -0.5993345372087555]]}, "markers": {"17": {"x": -0.1415287854695405, "y": -0.1144852758206092, "z": 3.5625310028602843}, "38": {"x": -0.14364850936430146, "y": 0.28855764352849794, "z": 2.6910470665904267}, "27": {"x": -0.047718334568559374, "y": 0.2730115281289815, "z": 2.78574684107729}, "43": {"x": -0.2063916645111461, "y": 0.2551595225026493, "z": 2.714656821866477}, "16": {"x": 0.05029088143412174, "y": 0.254164894047587, "z": 2.8519214179458037}, "32": {"x": -0.1111903867851019, "y": 0.23893802499576822, "z": 2.8003259511576846}, "5": {"x": 0.14823980299243733, "y": 0.23474386982717652, "z": 2.920511839659941}, "21": {"x": -0.013934973160451464, "y": 0.22145632393832737, "z": 2.8796989642417414}, "37": {"x": -0.1737271261911112, "y": 0.20375450231436526, "z": 2.8087307170857576}, "10": {"x": 0.08507411763731255, "y": 0.20424446398298282, "z": 2.975111607722657}, "26": {"x": -0.07876956950449743, "y": 0.19069978842598975, "z": 2.9395521972911025}, "42": {"x": -0.24063790577860192, "y": 0.17426962565815488, "z": 2.8912799395701843}, "31": {"x": -0.1432179091778028, "y": 0.15627205168414643, "z": 2.963111923379918}, "20": {"x": -0.04525752890509824, "y": 0.14022956571561893, "z": 3.0568009139325794}, "36": {"x": -0.2094005852605026, "y": 0.12551449609809123, "z": 3.0213246702180823}, "9": {"x": 0.05464742626584506, "y": 0.12150007973655737, "z": 3.143688416364702}, "25": {"x": -0.10899245133291814, "y": 0.10627566141355921, "z": 3.0522074911082058}, "41": {"x": -0.2723390780887326, "y": 0.09264537407341297, "z": 3.0439253443050704}, "14": {"x": -0.011086711389051847, "y": 0.08901666711439603, "z": 3.1805619854123965}, "30": {"x": -0.1753015069370683, "y": 0.07475028023699833, "z": 3.1241494545460617}, "3": {"x": 0.0901336135995493, "y": 0.07052501873524503, "z": 3.2898590443972986}, "19": {"x": -0.07795497458579209, "y": 0.05648678017207694, "z": 3.239419500809145}, "35": {"x": -0.24397043111480282, "y": 0.04274495662198881, "z": 3.2088216323906718}, "8": {"x": 0.022823092020551602, "y": 0.036744838870967446, "z": 3.3037415650803403}, "40": {"x": -0.30099982637150435, "y": 0.008511381299107359, "z": 3.1622805947425525}, "13": {"x": -0.04349124291062639, "y": 0.003621105242181923, "z": 3.372859742054819}, "29": {"x": -0.20591185212544216, "y": -0.00936410497849187, "z": 3.25700370690607}, "2": {"x": 0.05766103807725955, "y": -0.016330894379625902, "z": 3.435163198766582}, "34": {"x": -0.2701470540623915, "y": -0.043171251770916345, "z": 3.2924875873190187}, "7": {"x": -0.008938116196566466, "y": -0.04910817922294706, "z": 3.5061539518428093}, "23": {"x": -0.17668214735134125, "y": -0.061924834439092934, "z": 3.454789727903681}, "33": {"x": -0.3384467500152369, "y": -0.14044342179019997, "z": 3.8683244527174163}, "6": {"x": -0.04250030176387154, "y": -0.14148385487167345, "z": 3.822539404929568}, "22": {"x": -0.2130625818037682, "y": -0.15116935579025859, "z": 3.694145031644307}, "4": {"x": 0.131921637423529, "y": 0.16967656432859776, "z": 3.42238099058645}, "1": {"x": 0.026685488130487267, "y": -0.10235756142578113, "z": 3.641590442918945}}}