{"pose": {"t": {"x": -0.008235487919618513, "y": -0.3693013098650717, "z": 2.4116924811813716}, "rot3x3": [[-0.2834322162345272, 0.8561110115070352, -0.43213437120505205], [0.7585504638174347, 0.475839693551101, 0.4451716296930314], [0.5867430209578459, -0.2016197461004154, -0.7842717037734213]]}, "markers": {"5": {"x": 0.1675642238971634, "y": 0.20987665801127667, "z": 2.9070522733884814}, "43": {"x": -0.11800000743572561, "y": 0.0014372116854930357, "z": 3.084472016834361}, "37": {"x": -0.06335438075846407, "y": -0.01029966532645255, "z": 2.9617019601574603}, "16": {"x": 0.08390557039921409, "y": 0.16315202826029732, "z": 2.9966531151946825}, "10": {"x": 0.13898439770641088, "y": 0.15008123392937184, "z": 2.866752504355121}, "4": {"x": 0.19421071146873356, "y": 0.1361875750768548, "z": 2.7502711373030655}, "21": {"x": 0.05389483408864461, "y": 0.10106377871847988, "z": 2.9363590574976124}, "15": {"x": 0.10934833339921644, "y": 0.08854098828388546, "z": 2.822363593272025}, "9": {"x": 0.1645157863569238, "y": 0.07447160043505113, "z": 2.688530302061777}, "3": {"x": 0.22051592672068002, "y": 0.06133267303895199, "z": 2.5836764224781823}, "38": {"x": -0.08721560473608153, "y": 0.06392471753090698, "z": 3.1217360220130335}, "32": {"x": -0.0311448359853481, "y": 0.05064977020770523, "z": 2.9872194461529054}, "26": {"x": 0.023835659313465613, "y": 0.03847054709350664, "z": 2.863787019149683}, "20": {"x": 0.08006153389898578, "y": 0.02507719179509508, "z": 2.7593586180221816}, "14": {"x": 0.1359321436489462, "y": 0.012134092276563715, "z": 2.6454236590014446}, "8": {"x": 0.1901241408203316, "y": -0.0010099321499353745, "z": 2.5259778663838155}, "2": {"x": 0.24246604946750824, "y": -0.013488784954144663, "z": 2.3920821336297213}, "31": {"x": -0.006984360623608941, "y": -0.023147414028449626, "z": 2.8292141988360044}, "25": {"x": 0.050346981636329856, "y": -0.03742811026635388, "z": 2.6917290574358264}, "19": {"x": 0.10639814337739083, "y": -0.050956869347022204, "z": 2.611327415945399}, "42": {"x": -0.09291794630585684, "y": -0.07251102889783452, "z": 2.889589158148661}, "13": {"x": 0.16069489370338202, "y": -0.06313515430738169, "z": 2.4780477669506187}, "36": {"x": -0.036135291165524504, "y": -0.0867409802729861, "z": 2.7790560791908865}, "7": {"x": 0.21602199494812863, "y": -0.07591643039146147, "z": 2.3669795012080685}, "30": {"x": 0.02091473630757812, "y": -0.10032502219561198, "z": 2.656156766769557}, "1": {"x": 0.2698691072200287, "y": -0.0876969184676742, "z": 2.255039229380479}, "24": {"x": 0.07593837369878884, "y": -0.11322447841006997, "z": 2.5512784329651557}, "41": {"x": -0.06480728589215341, "y": -0.14962487860609125, "z": 2.724621359580631}, "12": {"x": 0.18851302464107705, "y": -0.1393614577290893, "z": 2.3419677656604336}, "35": {"x": -0.009526865182859947, "y": -0.16274653783682874, "z": 2.6142114395814002}, "6": {"x": 0.24393786361879527, "y": -0.15134974065296272, "z": 2.233551999081839}, "29": {"x": 0.04616260349236082, "y": -0.17507758250638938, "z": 2.488364770160038}, "0": {"x": 0.29742293693161914, "y": -0.1626003212632246, "z": 2.1179483799352044}, "23": {"x": 0.10224084156103906, "y": -0.18814347699716066, "z": 2.3864180050407766}, "40": {"x": -0.0405782465847523, "y": -0.222856794103343, "z": 2.5580702444873014}, "17": {"x": 0.15749280618484332, "y": -0.20051918611768055, "z": 2.2771522502606465}, "34": {"x": 0.014726155130409752, "y": -0.2364797214542319, "z": 2.449240513728234}, "11": {"x": 0.21457786936670828, "y": -0.2144241904572437, "z": 2.189235251587659}, "22": {"x": 0.12784492058661026, "y": -0.2626531886358087, "z": 2.2344355526754978}, "39": {"x": -0.015194858507763183, "y": -0.29653621319084544, "z": 2.395038102161383}, "33": {"x": 0.04093464776117257, "y": -0.30769300347188705, "z": 2.268008990030306}, "18": {"x": 0.1313121057552468, "y": -0.12585041655534768, "z": 2.431513845072884}, "28": {"x": 0.07025786791246016, "y": -0.24812855444153406, "z": 2.324992989652611}}}