{"0": {"x": 0.12264157086610794, "y": 0.18982534110546112, "z": 0.8350000381469727}, "1": {"x": 0.1572970598936081, "y": 0.19086092710494995, "z": 0.8400000333786011}, "4": {"x": 0.12553592026233673, "y": 0.16294409334659576, "z": 0.8240000605583191}, "5": {"x": 0.15621362626552582, "y": 0.16245456039905548, "z": 0.8220000267028809}, "6": {"x": 0.19227436184883118, "y": 0.16293714940547943, "z": 0.8250000476837158}, "7": {"x": 0.22411394119262695, "y": 0.16344216465950012, "z": 0.8280000686645508}, "8": {"x": 0.12689535319805145, "y": 0.1330062597990036, "z": 0.8040000200271606}, "11": {"x": 0.22555434703826904, "y": 0.13355059921741486, "z": 0.8090000152587891}, "15": {"x": 0.22570067644119263, "y": 0.10327038168907166, "z": 0.7940000295639038}, "19": {"x": 0.2277611792087555, "y": 0.07402104884386063, "z": 0.7790000438690186}, "23": {"x": 0.22721485793590546, "y": 0.04575635492801666, "z": 0.7630000114440918}}