{"0": {"x": 0.12293531745672226, "y": 0.1902800053358078, "z": 0.8370000123977661}, "1": {"x": 0.157109797000885, "y": 0.19063371419906616, "z": 0.8390000462532043}, "2": {"x": 0.1884734332561493, "y": 0.19031134247779846, "z": 0.8380000591278076}, "3": {"x": 0.22558094561100006, "y": 0.19112446904182434, "z": 0.8420000672340393}, "4": {"x": 0.12507887184619904, "y": 0.1623508334159851, "z": 0.8210000395774841}, "5": {"x": 0.15621362626552582, "y": 0.16245456039905548, "z": 0.8220000267028809}, "6": {"x": 0.19250741600990295, "y": 0.1631346493959427, "z": 0.8260000348091125}, "7": {"x": 0.22357259690761566, "y": 0.16304737329483032, "z": 0.8260000348091125}, "8": {"x": 0.1270531862974167, "y": 0.1331716924905777, "z": 0.8050000667572021}, "11": {"x": 0.22583316266536713, "y": 0.1337156891822815, "z": 0.8100000619888306}, "15": {"x": 0.22598493099212646, "y": 0.10340043902397156, "z": 0.7950000166893005}, "19": {"x": 0.22834593057632446, "y": 0.07421108335256577, "z": 0.781000018119812}, "23": {"x": 0.22781045734882355, "y": 0.04587629809975624, "z": 0.76500004529953}}