{"0": {"x": 0.1227884441614151, "y": 0.19005267322063446, "z": 0.8360000252723694}, "1": {"x": 0.15767158567905426, "y": 0.19131536781787872, "z": 0.8420000672340393}, "4": {"x": 0.12507887184619904, "y": 0.1623508334159851, "z": 0.8210000395774841}, "5": {"x": 0.15621362626552582, "y": 0.16245456039905548, "z": 0.8220000267028809}, "6": {"x": 0.1920413076877594, "y": 0.16273964941501617, "z": 0.8240000605583191}, "7": {"x": 0.22551782429218292, "y": 0.16284441947937012, "z": 0.8250000476837158}, "8": {"x": 0.12721101939678192, "y": 0.1333371251821518, "z": 0.8060000538825989}, "11": {"x": 0.22555434703826904, "y": 0.13355059921741486, "z": 0.8090000152587891}, "15": {"x": 0.2254164218902588, "y": 0.10314031690359116, "z": 0.7930000424385071}, "19": {"x": 0.227468803524971, "y": 0.07392602413892746, "z": 0.7780000567436218}, "23": {"x": 0.22721485793590546, "y": 0.04575635492801666, "z": 0.7630000114440918}}