{"0": {"x": 0.1227884441614151, "y": 0.19005267322063446, "z": 0.8360000252723694}, "1": {"x": 0.1572970598936081, "y": 0.19086092710494995, "z": 0.8400000333786011}, "4": {"x": 0.12538357079029083, "y": 0.16274632513523102, "z": 0.8230000138282776}, "5": {"x": 0.15621362626552582, "y": 0.16245456039905548, "z": 0.8220000267028809}, "6": {"x": 0.1929735541343689, "y": 0.1635296493768692, "z": 0.8280000686645508}, "7": {"x": 0.22357259690761566, "y": 0.16304737329483032, "z": 0.8260000348091125}, "8": {"x": 0.1275266706943512, "y": 0.1336679756641388, "z": 0.8080000281333923}, "11": {"x": 0.22611196339130402, "y": 0.13388076424598694, "z": 0.8110000491142273}, "15": {"x": 0.2254164218902588, "y": 0.10314031690359116, "z": 0.7930000424385071}, "19": {"x": 0.22805355489253998, "y": 0.0741160660982132, "z": 0.7800000309944153}, "23": {"x": 0.22721485793590546, "y": 0.04575635492801666, "z": 0.7630000114440918}}