{"0": {"x": 0.25240445137023926, "y": -0.014789115637540817, "z": 0.8110000491142273}, "1": {"x": 0.20163775980472565, "y": -0.01039130613207817, "z": 0.8080000281333923}, "2": {"x": 0.1532900035381317, "y": -0.006014191545546055, "z": 0.8050000667572021}, "3": {"x": 0.10323451459407806, "y": -0.003837813623249531, "z": 0.8040000200271606}, "4": {"x": 0.05518585070967674, "y": 0.0005144462338648736, "z": 0.8010000586509705}, "5": {"x": 0.005242818966507912, "y": 0.007002705708146095, "z": 0.7980000376701355}, "6": {"x": -0.042128413915634155, "y": 0.011269960552453995, "z": 0.7940000295639038}, "7": {"x": -0.09334127604961395, "y": 0.015501718968153, "z": 0.7910000085830688}, "8": {"x": -0.143824502825737, "y": 0.01965929940342903, "z": 0.7870000600814819}, "9": {"x": -0.1917545348405838, "y": 0.023789234459400177, "z": 0.784000039100647}, "10": {"x": 0.2558174133300781, "y": 0.033770330250263214, "z": 0.8220000267028809}, "11": {"x": 0.20630939304828644, "y": 0.03806488960981369, "z": 0.8180000185966492}, "12": {"x": 0.15574045479297638, "y": 0.04254232347011566, "z": 0.8180000185966492}, "13": {"x": 0.10734768211841583, "y": 0.04707927256822586, "z": 0.8190000653266907}, "14": {"x": 0.058339428156614304, "y": 0.05130409076809883, "z": 0.815000057220459}, "15": {"x": 0.00749618373811245, "y": 0.05525970458984375, "z": 0.8080000281333923}, "16": {"x": -0.04051455482840538, "y": 0.0594027042388916, "z": 0.8050000667572021}, "17": {"x": -0.09004055708646774, "y": 0.06331738084554672, "z": 0.800000011920929}, "18": {"x": -0.13932953774929047, "y": 0.06739659607410431, "z": 0.7980000376701355}, "19": {"x": -0.18821200728416443, "y": 0.07143014669418335, "z": 0.796000063419342}, "20": {"x": 0.2601165473461151, "y": 0.08166312426328659, "z": 0.8360000252723694}, "21": {"x": 0.2097618728876114, "y": 0.08585275709629059, "z": 0.8320000171661377}, "22": {"x": 0.15737129747867584, "y": 0.08991529047489166, "z": 0.8270000219345093}, "23": {"x": 0.11069086194038391, "y": 0.09459570795297623, "z": 0.8280000686645508}, "24": {"x": 0.05901036038994789, "y": 0.0987924262881279, "z": 0.8250000476837158}, "25": {"x": 0.012056969106197357, "y": 0.10056639462709427, "z": 0.8210000395774841}, "26": {"x": -0.03882302716374397, "y": 0.10875479131937027, "z": 0.8160000443458557}, "27": {"x": -0.08681873232126236, "y": 0.11239828914403915, "z": 0.8110000491142273}, "28": {"x": -0.1372903287410736, "y": 0.11679982393980026, "z": 0.812000036239624}, "29": {"x": -0.18464753031730652, "y": 0.12059348076581955, "z": 0.8090000152587891}, "30": {"x": 0.26210370659828186, "y": 0.13110968470573425, "z": 0.8500000238418579}, "31": {"x": 0.21039935946464539, "y": 0.13485129177570343, "z": 0.8440000414848328}, "32": {"x": 0.16178502142429352, "y": 0.13871106505393982, "z": 0.8390000462532043}, "33": {"x": 0.11205259710550308, "y": 0.14337047934532166, "z": 0.8390000462532043}, "34": {"x": 0.0640951469540596, "y": 0.14710982143878937, "z": 0.8340000510215759}, "35": {"x": 0.014453559182584286, "y": 0.15129059553146362, "z": 0.8320000171661377}, "36": {"x": -0.03255564346909523, "y": 0.15463615953922272, "z": 0.8260000348091125}, "37": {"x": -0.08387162536382675, "y": 0.1590026170015335, "z": 0.8260000348091125}, "38": {"x": -0.1317301243543625, "y": 0.16193494200706482, "z": 0.8190000653266907}, "39": {"x": -0.18194295465946198, "y": 0.16797494888305664, "z": 0.8170000314712524}, "40": {"x": 0.26541227102279663, "y": 0.17915593087673187, "z": 0.8610000610351562}, "41": {"x": 0.21581131219863892, "y": 0.183040052652359, "z": 0.8570000529289246}, "42": {"x": 0.16357174515724182, "y": 0.186046302318573, "z": 0.8490000367164612}, "43": {"x": 0.11770334094762802, "y": 0.19052131474018097, "z": 0.8480000495910645}, "44": {"x": 0.06698333472013474, "y": 0.19404421746730804, "z": 0.843000054359436}, "45": {"x": 0.019133958965539932, "y": 0.19815881550312042, "z": 0.8410000205039978}, "46": {"x": -0.03079512156546116, "y": 0.20468144118785858, "z": 0.8400000333786011}, "47": {"x": -0.08036968111991882, "y": 0.20836947858333588, "z": 0.8370000123977661}, "48": {"x": -0.12920288741588593, "y": 0.21146981418132782, "z": 0.8320000171661377}, "49": {"x": -0.17981243133544922, "y": 0.2147599756717682, "z": 0.8280000686645508}, "50": {"x": 0.2681463658809662, "y": 0.22552712261676788, "z": 0.8700000643730164}, "51": {"x": 0.21771769225597382, "y": 0.23126569390296936, "z": 0.8650000691413879}, "52": {"x": 0.17137286067008972, "y": 0.23629049956798553, "z": 0.8660000562667847}, "53": {"x": 0.11896995455026627, "y": 0.23884217441082, "z": 0.8580000400543213}, "54": {"x": 0.07255154103040695, "y": 0.24297446012496948, "z": 0.8560000658035278}, "55": {"x": 0.021658282727003098, "y": 0.24646586179733276, "z": 0.8520000576972961}, "56": {"x": -0.028833286836743355, "y": 0.2504400908946991, "z": 0.8500000238418579}, "57": {"x": -0.07631520926952362, "y": 0.25510066747665405, "z": 0.843000054359436}, "58": {"x": -0.1262621134519577, "y": 0.25953057408332825, "z": 0.843000054359436}, "59": {"x": -0.1759631186723709, "y": 0.2659231424331665, "z": 0.8420000672340393}, "60": {"x": 0.27220165729522705, "y": 0.27651581168174744, "z": 0.8830000162124634}, "61": {"x": 0.22069507837295532, "y": 0.27931222319602966, "z": 0.8770000338554382}, "62": {"x": 0.17306926846504211, "y": 0.28341513872146606, "z": 0.8750000596046448}, "63": {"x": 0.12274625152349472, "y": 0.2862100899219513, "z": 0.8690000176429749}, "64": {"x": 0.07566745579242706, "y": 0.28993478417396545, "z": 0.8660000562667847}, "65": {"x": 0.02429909072816372, "y": 0.29428181052207947, "z": 0.8650000691413879}, "66": {"x": -0.02451048418879509, "y": 0.2994997799396515, "z": 0.8600000143051147}, "67": {"x": -0.07539115101099014, "y": 0.3060334026813507, "z": 0.859000027179718}, "68": {"x": -0.12080791592597961, "y": 0.30844369530677795, "z": 0.8530000448226929}, "69": {"x": -0.173247292637825, "y": 0.31230196356773376, "z": 0.8510000109672546}}